date,status,duration_seconds,research_size_bytes,html_size_bytes,notes
2026-02-11,SUCCESS,2089,17363,50105,
2026-02-12,FAILED,2402,20598,0,exit_code=1
2026-02-12,SUCCESS,393,20598,57766,
2026-02-12,FAILED,15,19533,0,exit_code=1
2026-02-12,FAILED,616,19533,0,exit_code=1
2026-02-13,FAILED,25,0,0,exit_code=1
2026-02-13,FAILED,900,0,0,exit_code=1
2026-02-13,FAILED,377,0,0,exit_code=1
2026-02-13,SUCCESS,543,18987,52934,
2026-02-16,SUCCESS,972,18763,54403,
2026-02-17,SUCCESS,1201,23484,56670,
2026-02-18,SUCCESS,1239,17727,55117,
2026-02-19,SUCCESS,1269,19174,56470,
2026-02-20,SUCCESS,1052,15697,56031,
2026-02-23,FAILED,542,0,0,exit_code=1
2026-02-23,SUCCESS,1087,16262,53375,
2026-02-24,SUCCESS,1110,17732,57654,
2026-02-25,SUCCESS,1160,14903,56796,
2026-02-26,SUCCESS,1121,19359,58272,
2026-02-27,FAILED,30,0,0,exit_code=1
2026-02-27,FAILED,511,0,0,exit_code=1
2026-02-27,SUCCESS,682,18581,57123,
2026-03-02,SUCCESS,1022,12253,48465,
2026-03-03,SUCCESS,1042,17022,57693,
2026-03-04,SUCCESS,922,12944,41045,
2026-03-05,SUCCESS,904,14395,42343,
2026-03-06,SUCCESS,965,16243,47137,
2026-03-09,FAILED,442,0,0,exit_code=1
2026-03-09,SUCCESS,438,10917,42475,
2026-03-10,SUCCESS,911,9539,41399,
2026-03-11,SUCCESS,924,13921,46924,
2026-03-12,SUCCESS,1026,16926,52771,
2026-03-13,SUCCESS,953,16491,52049,
2026-03-16,SUCCESS,1036,14243,46591,
2026-03-17,FAILED,143,0,0,exit_code=1
2026-03-17,SUCCESS,1386,14271,48825,
2026-03-18,SUCCESS,1057,17953,54053,
2026-03-19,SUCCESS,1021,13285,51397,
2026-03-20,SUCCESS,964,12718,45836,
2026-03-23,SUCCESS,1114,19877,57980,
2026-03-24,FAILED,132,0,0,exit_code=1
2026-03-24,FAILED,154,0,0,exit_code=1
2026-03-24,SUCCESS,1118,15091,56774,
2026-03-25,FAILED,86,0,0,exit_code=1
2026-03-25,SUCCESS,1170,16113,56789,
2026-03-26,SUCCESS,1339,18296,61644,
2026-03-27,SUCCESS,1063,16342,55274,
2026-03-30,SUCCESS,1067,16433,46982,
2026-03-31,SUCCESS,1102,17733,49676,
2026-04-01,SUCCESS,1029,15060,51258,
2026-04-02,SUCCESS,1191,17634,56542,
2026-04-03,SUCCESS,1194,17045,56736,
2026-04-06,SUCCESS,1105,13346,47908,
2026-04-07,SUCCESS,1316,19470,57440,
2026-04-08,SUCCESS,1339,19358,60658,
2026-04-09,SUCCESS,1367,15056,53506,
2026-04-10,SUCCESS,1168,16964,56371,
2026-04-13,SUCCESS,1162,18617,54141,
2026-04-14,SUCCESS,1202,19592,61281,
2026-04-15,SUCCESS,1189,20330,61184,
2026-04-16,SUCCESS,1118,20432,63630,
2026-04-17,FAILED,60,0,0,exit_code=1
2026-04-17,SUCCESS,973,14928,59536,
2026-04-20,SUCCESS,1111,21062,60648,
2026-04-21,SUCCESS,1116,20097,62587,
2026-04-22,SUCCESS,1109,19477,62704,
2026-04-23,SUCCESS,1069,13423,56549,
2026-04-24,SUCCESS,966,11788,56475,
